Unnamed: 0,id,Gender,Customer Type,Age,Type of Travel,Class,Flight Distance,Inflight wifi service,Departure/Arrival time convenient,Ease of Online booking,Gate location,Food and drink,Online boarding,Seat comfort,Inflight entertainment,On-board service,Leg room service,Baggage handling,Checkin service,Inflight service,Cleanliness,Departure Delay in Minutes,Arrival Delay in Minutes
13047,88810,Female,disloyal Customer,20,Business travel,Eco Plus,404,2,2,2,4,3,2,3,3,4,4,4,3,4,3,0,0.0
14975,44461,Male,Loyal Customer,51,Business travel,Business,1627,1,1,1,1,2,4,5,4,4,4,5,5,4,2,0,0.0
12642,73353,Male,Loyal Customer,41,Business travel,Eco,1012,3,5,5,5,3,3,3,3,3,5,3,2,4,3,1,1.0
23011,64429,Male,Loyal Customer,49,Business travel,Business,3985,3,3,3,3,5,4,5,4,4,5,4,4,4,4,1,0.0
13308,65486,Male,Loyal Customer,23,Personal Travel,Eco,1067,3,4,2,2,3,2,3,3,4,2,4,3,4,3,0,0.0
9687,12850,Female,Loyal Customer,48,Personal Travel,Eco,817,2,2,2,4,5,4,4,2,2,2,2,3,2,1,2,0.0
6235,53487,Male,Loyal Customer,59,Business travel,Eco,919,1,2,3,2,1,1,1,1,2,3,4,3,3,1,65,59.0
16419,46436,Male,Loyal Customer,50,Business travel,Business,2408,2,2,2,2,3,2,2,5,5,4,5,3,5,5,0,0.0
5836,33824,Female,Loyal Customer,47,Business travel,Eco Plus,1521,4,2,2,2,1,4,4,4,4,4,4,4,4,1,0,5.0
4461,99279,Female,Loyal Customer,16,Business travel,Eco,935,3,2,2,2,3,2,3,3,1,3,4,4,4,3,34,29.0
13904,44783,Male,disloyal Customer,13,Business travel,Eco,1250,3,3,3,4,2,3,2,2,4,3,4,4,3,2,0,0.0
8887,51006,Male,Loyal Customer,49,Personal Travel,Eco,190,4,4,0,4,5,0,5,5,2,2,3,4,4,5,0,0.0
18687,126243,Male,disloyal Customer,28,Business travel,Eco,468,3,4,3,1,5,3,1,5,3,3,3,1,2,5,0,0.0
5345,54438,Male,Loyal Customer,41,Business travel,Eco Plus,305,5,4,4,4,5,5,5,5,2,5,4,3,4,5,2,0.0
15174,113391,Female,Loyal Customer,41,Business travel,Business,2736,2,2,2,2,5,5,4,5,5,5,5,3,5,3,0,2.0
843,103577,Female,Loyal Customer,35,Personal Travel,Eco,689,1,4,1,2,1,1,1,1,4,4,5,3,4,1,0,1.0
22630,114216,Male,Loyal Customer,48,Business travel,Business,2981,1,3,3,3,3,3,4,1,1,1,1,1,1,3,5,1.0
23358,89998,Male,Loyal Customer,39,Business travel,Business,2367,1,1,1,1,3,5,5,5,5,5,5,3,5,5,0,11.0
11451,23637,Female,Loyal Customer,22,Personal Travel,Eco,793,3,4,3,3,2,3,2,2,4,3,4,3,5,2,102,106.0
2564,104572,Female,Loyal Customer,43,Business travel,Business,369,2,1,2,2,5,5,5,2,2,2,2,4,2,4,0,0.0
10041,120716,Male,Loyal Customer,40,Business travel,Business,90,2,2,2,2,3,5,4,5,5,5,4,4,5,5,0,0.0
4211,92955,Female,Loyal Customer,47,Business travel,Eco Plus,134,3,3,3,3,4,2,3,3,3,3,3,3,3,2,13,7.0
14046,33285,Male,Loyal Customer,51,Personal Travel,Eco Plus,101,2,3,0,4,3,0,3,3,4,1,4,3,4,3,0,0.0
21383,52805,Female,Loyal Customer,21,Business travel,Business,2402,2,2,2,2,4,4,4,4,3,3,5,5,4,4,0,3.0
2434,50481,Female,Loyal Customer,36,Business travel,Eco,110,2,1,1,1,2,2,2,2,3,5,4,4,3,2,6,13.0
12469,55160,Female,Loyal Customer,44,Personal Travel,Eco,1379,3,3,3,5,5,5,3,4,4,3,4,1,4,5,30,27.0
13633,4389,Female,Loyal Customer,22,Personal Travel,Eco,607,2,5,3,3,4,3,4,4,5,3,5,5,4,4,0,0.0
9325,96504,Male,Loyal Customer,53,Business travel,Eco,444,2,5,2,5,2,2,2,2,2,2,3,1,4,2,0,0.0
22085,22187,Male,Loyal Customer,29,Business travel,Business,1995,2,5,5,5,2,2,2,2,3,3,3,3,3,2,49,45.0
22706,57042,Male,Loyal Customer,67,Personal Travel,Business,2133,3,5,3,4,3,5,3,4,4,3,1,4,4,3,23,26.0
4501,22426,Male,Loyal Customer,38,Personal Travel,Eco,238,2,4,2,2,5,2,5,5,3,5,5,5,5,5,0,15.0
22862,57254,Female,Loyal Customer,60,Business travel,Eco,804,2,2,2,2,2,3,4,2,2,2,2,4,2,3,0,0.0
7484,26741,Female,Loyal Customer,44,Business travel,Eco Plus,515,4,4,3,4,1,1,3,4,4,4,4,4,4,5,0,0.0
752,108193,Male,Loyal Customer,55,Business travel,Business,1624,4,4,4,4,4,5,5,5,5,5,5,5,5,3,0,0.0
11833,106367,Male,Loyal Customer,16,Business travel,Business,2984,3,4,5,4,3,3,3,3,1,3,4,3,3,3,0,0.0
7729,123034,Male,Loyal Customer,43,Business travel,Business,3237,1,1,1,1,5,5,5,5,5,5,5,3,5,4,11,13.0
6232,93340,Male,Loyal Customer,24,Business travel,Business,3328,5,5,5,5,4,4,4,4,4,2,5,5,5,4,0,0.0
14358,39295,Female,Loyal Customer,43,Personal Travel,Eco,67,3,5,3,4,3,4,4,4,4,3,4,4,4,3,0,0.0
8892,80897,Male,Loyal Customer,45,Personal Travel,Eco Plus,692,2,1,2,4,1,2,1,1,1,2,3,3,3,1,0,0.0
3635,2417,Male,Loyal Customer,38,Personal Travel,Eco,641,2,3,2,3,1,2,1,1,3,4,2,4,2,1,0,0.0
23085,118205,Male,Loyal Customer,62,Personal Travel,Eco,1444,3,0,3,1,2,3,2,2,3,5,4,5,4,2,23,26.0
15981,106721,Male,disloyal Customer,47,Business travel,Business,829,3,3,3,2,4,3,4,4,5,3,5,5,5,4,0,0.0
9384,116279,Male,Loyal Customer,46,Personal Travel,Eco,337,2,3,2,4,3,2,3,3,5,4,5,1,2,3,0,0.0
11681,12401,Female,Loyal Customer,78,Business travel,Business,2258,3,3,3,3,3,5,5,4,4,4,4,3,4,2,0,0.0
16214,30160,Male,Loyal Customer,18,Personal Travel,Eco,399,2,4,2,2,3,2,3,3,5,2,4,3,5,3,10,21.0
1512,4173,Female,Loyal Customer,23,Personal Travel,Eco,427,2,3,2,4,2,2,2,2,1,2,4,2,4,2,0,0.0
6602,38194,Male,Loyal Customer,67,Personal Travel,Eco,1249,1,4,1,3,3,1,3,3,5,3,4,4,5,3,10,3.0
10210,81645,Female,Loyal Customer,33,Business travel,Business,2760,4,4,4,4,2,4,5,3,3,2,3,5,3,5,0,0.0
2516,1804,Male,Loyal Customer,59,Business travel,Business,2149,5,5,5,5,3,4,4,5,5,5,5,3,5,3,0,0.0
24020,66436,Female,disloyal Customer,26,Business travel,Business,1217,3,4,4,2,2,4,5,2,5,4,5,5,5,2,0,0.0
11818,97780,Female,disloyal Customer,39,Business travel,Business,471,3,3,3,1,4,3,4,4,5,2,4,4,4,4,1,0.0
23299,37714,Male,Loyal Customer,44,Personal Travel,Eco,1005,3,5,3,5,1,3,1,1,4,4,5,4,5,1,39,30.0
22455,24031,Female,Loyal Customer,43,Business travel,Eco,427,5,5,3,3,5,3,5,5,5,5,5,3,5,2,1,0.0
21468,89038,Male,Loyal Customer,53,Business travel,Business,1919,2,2,2,2,3,4,5,3,3,4,3,4,3,5,0,1.0
7985,25465,Male,Loyal Customer,28,Business travel,Business,1609,3,3,3,3,5,5,5,5,3,4,5,5,4,5,0,0.0
24439,74188,Female,Loyal Customer,30,Personal Travel,Eco,641,1,5,1,2,5,1,5,5,4,4,4,4,5,5,0,12.0
25375,27042,Male,Loyal Customer,52,Business travel,Business,1489,2,2,2,2,2,5,4,5,5,5,5,5,5,4,0,0.0
21301,87107,Female,Loyal Customer,59,Personal Travel,Eco,594,2,4,1,1,1,1,1,2,2,1,2,2,2,4,17,13.0
8278,106140,Male,Loyal Customer,43,Business travel,Eco,436,3,5,5,5,3,3,3,3,4,1,4,1,4,3,0,0.0
22620,49691,Female,Loyal Customer,59,Business travel,Business,3835,2,1,1,1,2,3,4,1,1,1,2,3,1,4,15,46.0
8972,23506,Male,Loyal Customer,43,Business travel,Business,2116,1,1,1,1,2,4,5,5,5,5,5,4,5,1,0,0.0
19004,97671,Female,Loyal Customer,39,Business travel,Business,1742,2,2,2,2,5,5,5,5,5,5,5,5,5,3,0,0.0
7458,101289,Male,Loyal Customer,39,Business travel,Business,444,4,3,4,4,5,5,4,3,3,4,3,5,3,4,0,0.0
24338,2376,Female,Loyal Customer,17,Personal Travel,Business,604,3,5,2,4,1,2,1,1,4,3,4,5,4,1,0,0.0
21423,55394,Male,Loyal Customer,10,Business travel,Eco Plus,594,2,3,3,3,2,2,1,2,4,1,3,2,3,2,3,8.0
10168,10782,Male,Loyal Customer,44,Business travel,Business,1778,5,5,5,5,5,4,4,5,5,5,5,3,5,4,0,0.0
13728,125241,Female,Loyal Customer,48,Personal Travel,Eco,1149,3,5,3,2,2,4,5,1,1,3,1,5,1,3,16,9.0
7168,128734,Male,Loyal Customer,30,Business travel,Business,1464,4,4,4,4,5,5,5,5,5,5,4,3,5,5,0,0.0
5042,68358,Male,disloyal Customer,23,Business travel,Eco,1322,4,4,4,3,1,4,1,1,3,4,3,3,4,1,34,38.0
2885,104593,Female,Loyal Customer,40,Personal Travel,Eco,369,3,1,3,2,3,3,3,3,2,3,3,1,2,3,0,0.0
16321,111043,Male,Loyal Customer,38,Business travel,Business,2405,1,1,1,1,5,1,3,5,5,5,5,3,5,3,11,7.0
25358,91617,Male,Loyal Customer,23,Business travel,Business,1340,2,2,2,2,5,5,5,5,5,4,4,3,5,5,61,47.0
3399,64356,Female,disloyal Customer,23,Business travel,Eco,758,2,2,2,2,4,2,4,4,4,3,1,5,4,4,0,0.0
24656,21755,Female,Loyal Customer,49,Business travel,Eco Plus,563,4,2,2,2,5,3,3,4,4,4,4,3,4,1,45,40.0
3246,5738,Male,Loyal Customer,48,Personal Travel,Eco Plus,234,3,4,3,1,5,3,3,5,3,3,4,5,5,5,0,0.0
17316,39745,Male,Loyal Customer,51,Personal Travel,Eco Plus,320,4,4,4,4,4,4,4,4,5,2,1,2,5,4,0,0.0
4955,25692,Male,Loyal Customer,59,Business travel,Business,432,5,5,5,5,3,4,2,5,5,5,5,2,5,5,78,55.0
2173,42625,Female,Loyal Customer,44,Business travel,Business,2913,2,2,2,2,3,2,5,3,3,4,3,4,3,2,0,0.0
23481,32558,Male,disloyal Customer,37,Business travel,Eco,101,2,4,2,3,5,2,5,5,2,4,3,3,4,5,0,4.0
1684,40014,Female,Loyal Customer,50,Business travel,Business,575,5,5,5,5,4,2,1,2,2,2,2,5,2,4,0,0.0
6362,47234,Female,Loyal Customer,68,Personal Travel,Eco Plus,965,1,4,1,1,5,5,4,2,2,1,2,3,2,5,0,0.0
20117,11141,Female,Loyal Customer,65,Personal Travel,Eco,429,2,5,2,2,4,5,5,5,5,2,5,3,5,4,4,4.0
21023,61256,Male,Loyal Customer,34,Personal Travel,Eco,967,1,5,1,5,4,1,5,4,5,2,4,4,5,4,5,11.0
17918,25027,Female,Loyal Customer,58,Business travel,Eco,907,1,0,0,4,4,4,3,5,5,1,5,4,5,3,12,10.0
15109,52725,Female,Loyal Customer,48,Business travel,Eco,406,3,4,4,4,5,4,4,4,4,3,4,3,4,3,15,0.0
13079,2874,Male,Loyal Customer,27,Personal Travel,Eco,491,3,2,3,2,3,3,3,1,5,2,2,3,1,3,181,201.0
5638,34508,Male,Loyal Customer,41,Business travel,Eco,1428,4,2,2,2,4,4,4,4,4,3,1,4,4,4,0,0.0
20069,13836,Male,Loyal Customer,21,Business travel,Business,1657,4,4,3,4,3,5,3,3,1,2,3,2,3,3,0,0.0
1448,62051,Male,Loyal Customer,51,Personal Travel,Eco,2475,2,3,2,2,1,2,1,1,4,3,4,1,3,1,0,0.0
6186,22212,Female,Loyal Customer,33,Personal Travel,Eco,565,2,5,2,2,4,2,4,4,3,4,4,4,5,4,49,45.0
8374,32896,Male,Loyal Customer,11,Personal Travel,Eco,101,3,4,0,2,5,0,1,5,3,5,5,2,4,5,0,0.0
10163,97425,Female,Loyal Customer,43,Personal Travel,Eco,587,1,1,2,4,4,4,3,2,2,2,2,1,2,2,2,0.0
21480,71837,Female,Loyal Customer,66,Business travel,Eco,1846,2,1,1,1,1,3,3,2,2,2,2,4,2,4,1,7.0
23970,119289,Female,Loyal Customer,37,Business travel,Business,3766,0,4,0,1,3,5,5,1,1,1,1,3,1,5,80,80.0
6552,53768,Male,Loyal Customer,16,Personal Travel,Eco,1195,4,4,4,3,2,4,2,2,3,2,5,5,5,2,3,0.0
21710,23584,Female,Loyal Customer,41,Business travel,Business,3014,2,2,4,2,5,5,3,4,4,5,4,4,4,4,0,0.0
16507,85720,Male,Loyal Customer,40,Business travel,Business,2105,2,5,2,2,4,4,4,5,5,5,5,4,5,5,31,12.0
21888,52868,Male,disloyal Customer,18,Business travel,Eco,836,2,2,2,4,3,2,3,3,3,4,4,3,4,3,0,0.0
17250,116278,Female,Loyal Customer,60,Personal Travel,Eco,362,3,5,3,5,3,4,4,2,2,3,2,4,2,5,0,0.0
6750,40510,Female,Loyal Customer,66,Personal Travel,Eco,188,1,3,1,2,1,3,3,5,5,1,5,3,5,2,0,0.0
24072,21780,Male,Loyal Customer,45,Business travel,Eco,352,5,1,1,1,5,5,5,5,1,1,1,3,2,5,26,
4160,55683,Female,Loyal Customer,72,Business travel,Business,3408,3,3,3,3,4,5,4,5,5,5,5,5,5,5,6,0.0
23711,49000,Male,Loyal Customer,41,Business travel,Business,3115,0,3,0,1,1,5,5,3,3,3,3,1,3,5,0,0.0
5393,62521,Female,Loyal Customer,33,Business travel,Business,1744,1,2,2,2,2,3,4,1,1,1,1,2,1,3,0,0.0
24862,2278,Male,disloyal Customer,27,Business travel,Business,925,3,3,3,2,2,3,2,2,2,5,2,2,3,2,0,9.0
10865,101180,Male,Loyal Customer,62,Personal Travel,Eco,583,3,2,3,3,5,3,5,5,4,3,4,1,3,5,7,3.0
9172,66004,Male,Loyal Customer,42,Business travel,Business,2211,2,2,2,2,4,4,5,5,5,4,5,5,5,5,0,0.0
14882,34357,Female,Loyal Customer,47,Business travel,Eco,541,5,1,1,1,3,3,4,5,5,5,5,4,5,2,7,0.0
25755,4519,Female,Loyal Customer,35,Personal Travel,Eco Plus,551,2,3,2,4,1,2,1,1,1,2,4,1,4,1,31,28.0
18702,15407,Female,Loyal Customer,33,Business travel,Eco,164,3,3,3,3,3,3,3,3,4,4,3,3,4,3,9,8.0
8309,113065,Male,Loyal Customer,56,Business travel,Business,543,3,3,5,3,4,4,3,3,3,3,3,1,3,2,80,71.0
873,86676,Female,disloyal Customer,25,Business travel,Business,952,4,2,4,1,4,4,4,4,4,5,4,3,5,4,0,0.0
22879,128291,Male,Loyal Customer,62,Business travel,Business,2287,0,0,0,2,2,5,4,2,2,2,2,3,2,4,0,2.0
8703,111964,Female,disloyal Customer,23,Business travel,Eco,533,1,2,1,4,5,1,4,5,1,3,4,3,3,5,44,36.0
5975,47412,Female,disloyal Customer,24,Business travel,Eco,588,3,1,2,3,5,2,3,5,4,3,2,3,3,5,0,0.0
13814,87065,Male,Loyal Customer,45,Business travel,Business,1937,1,1,4,1,4,5,4,4,4,4,4,4,4,5,1,12.0
9000,107274,Male,Loyal Customer,31,Business travel,Business,3716,2,1,2,2,4,4,4,4,3,4,4,4,4,4,13,4.0
12374,50474,Female,disloyal Customer,30,Business travel,Eco,89,3,3,3,4,2,3,5,2,3,1,4,1,4,2,0,0.0
14687,12150,Male,Loyal Customer,34,Business travel,Business,2348,5,5,5,5,3,5,2,2,2,2,2,1,2,1,4,7.0
23590,66920,Female,Loyal Customer,35,Business travel,Business,964,3,3,3,3,2,4,4,5,5,5,5,4,5,3,0,0.0
8149,20901,Female,Loyal Customer,49,Business travel,Business,689,2,2,2,2,2,2,2,2,4,2,3,2,3,2,138,128.0
1834,59544,Male,Loyal Customer,24,Business travel,Business,787,3,3,3,3,5,5,5,5,3,4,5,4,5,5,58,50.0
9418,56126,Female,disloyal Customer,26,Business travel,Business,1400,4,4,4,1,3,4,3,3,4,3,4,3,4,3,38,31.0
4580,120101,Male,Loyal Customer,39,Business travel,Business,1576,4,4,4,4,2,4,5,5,5,5,5,3,5,5,0,
4569,102747,Male,Loyal Customer,34,Business travel,Business,255,3,1,3,3,5,5,5,5,5,5,5,4,5,4,0,0.0
8148,84632,Male,Loyal Customer,30,Personal Travel,Eco,707,4,4,4,4,5,4,5,5,4,3,5,3,5,5,0,0.0
11020,20665,Male,Loyal Customer,30,Business travel,Business,552,5,5,5,5,4,4,4,4,2,1,2,1,1,4,0,0.0
20895,96117,Male,Loyal Customer,30,Business travel,Eco Plus,1090,5,1,1,1,5,4,5,5,1,2,4,3,3,5,0,0.0
10670,7964,Female,Loyal Customer,44,Personal Travel,Eco,594,3,5,3,5,1,3,4,4,4,3,4,2,4,5,0,0.0
2830,94291,Male,Loyal Customer,60,Business travel,Business,3349,2,2,2,2,3,4,4,4,4,4,4,5,4,4,0,0.0
10092,65378,Female,Loyal Customer,48,Business travel,Business,1892,2,2,2,2,2,3,2,4,4,4,4,1,4,4,4,6.0
7606,29090,Male,Loyal Customer,68,Personal Travel,Eco,605,2,4,2,4,2,2,2,2,4,2,5,5,5,2,0,0.0
21506,128033,Male,Loyal Customer,49,Business travel,Business,1440,1,1,1,1,5,4,5,5,5,5,5,3,5,3,0,1.0
8492,29993,Female,Loyal Customer,63,Business travel,Business,95,1,1,1,1,1,4,3,3,3,3,1,4,3,4,14,11.0
24551,53855,Male,Loyal Customer,59,Business travel,Eco,191,3,5,5,5,3,3,3,3,1,3,2,1,2,3,41,36.0
19917,16960,Female,Loyal Customer,34,Business travel,Business,1131,1,1,1,1,3,3,3,1,1,1,1,3,1,4,14,0.0
1915,89521,Female,Loyal Customer,21,Personal Travel,Business,944,2,1,2,3,1,2,1,1,4,4,4,1,4,1,0,0.0
536,19789,Female,Loyal Customer,15,Personal Travel,Eco,667,2,5,3,4,5,3,4,5,4,3,5,3,4,5,35,35.0
15196,7302,Male,Loyal Customer,63,Business travel,Business,135,2,2,2,2,3,5,5,4,4,4,4,5,4,3,0,1.0
20268,47218,Male,Loyal Customer,42,Personal Travel,Eco,954,4,0,4,4,1,4,1,1,3,1,4,4,2,1,0,0.0
24386,53217,Male,disloyal Customer,33,Business travel,Eco,589,2,1,3,3,4,3,4,4,3,5,4,3,3,4,0,0.0
6756,97726,Male,Loyal Customer,54,Business travel,Business,2205,3,3,3,3,3,5,4,4,4,5,4,5,4,5,0,0.0
16600,53214,Male,disloyal Customer,28,Business travel,Eco,612,4,3,4,4,3,4,3,3,4,5,4,3,3,3,0,0.0
10154,74065,Male,Loyal Customer,51,Business travel,Business,641,1,1,1,1,3,4,4,5,5,5,5,5,5,4,35,20.0
15211,41212,Female,disloyal Customer,27,Business travel,Eco,1091,2,2,2,2,2,2,2,2,4,4,4,2,1,2,0,0.0
12574,12693,Male,Loyal Customer,25,Business travel,Business,721,3,3,3,3,2,2,2,2,1,2,1,4,3,2,0,0.0
10429,93759,Female,disloyal Customer,20,Business travel,Eco,368,1,2,1,3,2,1,2,2,4,4,3,4,4,2,16,6.0
6049,101127,Male,disloyal Customer,21,Business travel,Eco,1235,5,5,5,1,4,5,4,4,4,3,4,3,5,4,0,0.0
1822,31232,Female,Loyal Customer,43,Personal Travel,Business,472,3,5,2,1,2,5,3,5,5,2,5,3,5,4,0,0.0
18884,97158,Male,Loyal Customer,22,Business travel,Business,3959,2,4,4,4,2,2,2,2,2,3,4,4,4,2,15,11.0
3053,50339,Female,Loyal Customer,52,Business travel,Business,266,4,4,4,4,1,3,2,5,5,5,5,5,5,5,0,0.0
18836,40991,Male,Loyal Customer,61,Personal Travel,Eco,984,4,4,4,1,4,4,5,4,5,3,4,4,4,4,7,0.0
19796,28652,Male,Loyal Customer,54,Personal Travel,Eco,2404,2,3,2,3,5,2,5,5,2,1,4,4,4,5,0,0.0
5460,101124,Female,Loyal Customer,41,Business travel,Business,1069,2,2,2,2,2,4,4,5,5,5,5,3,5,3,6,0.0
15215,101832,Female,Loyal Customer,21,Personal Travel,Eco,1521,1,4,1,3,1,1,1,1,1,3,3,2,4,1,0,0.0
15891,26675,Male,Loyal Customer,19,Personal Travel,Eco,515,3,5,3,5,3,3,2,3,4,4,4,3,4,3,0,0.0
7888,129536,Female,Loyal Customer,26,Business travel,Business,2342,2,4,4,4,2,2,2,2,2,4,4,4,4,2,16,6.0
1921,111474,Male,Loyal Customer,61,Personal Travel,Eco Plus,1024,2,5,2,1,4,2,4,4,5,4,2,5,3,4,0,0.0
19482,74841,Female,Loyal Customer,31,Personal Travel,Eco,1797,2,5,2,2,1,2,1,1,5,3,3,4,5,1,15,1.0
5625,75423,Female,Loyal Customer,36,Business travel,Business,2330,2,4,4,4,2,2,2,2,2,2,2,2,2,3,2,0.0
23475,98558,Male,disloyal Customer,27,Business travel,Business,992,2,2,2,4,3,2,3,3,3,2,4,3,3,3,0,0.0
18709,77302,Male,disloyal Customer,25,Business travel,Business,599,2,5,2,5,2,2,2,2,3,3,5,3,5,2,0,0.0
21037,90085,Male,Loyal Customer,60,Business travel,Business,3959,5,5,5,5,3,5,4,4,4,4,4,3,4,4,0,0.0
19178,51476,Female,disloyal Customer,47,Business travel,Business,451,4,3,3,4,2,4,2,2,4,4,4,5,5,2,20,8.0
7072,21434,Female,disloyal Customer,24,Business travel,Eco,433,5,0,5,1,5,5,2,5,1,5,3,5,4,5,81,71.0
22608,57075,Male,Loyal Customer,34,Personal Travel,Eco,2065,4,1,4,2,4,4,4,4,4,1,2,1,3,4,0,0.0
10608,51713,Female,Loyal Customer,33,Business travel,Eco,237,3,3,3,3,5,5,5,5,5,4,1,5,4,5,0,0.0
19807,4687,Male,Loyal Customer,17,Personal Travel,Eco,364,0,5,0,4,5,0,5,5,5,3,5,5,4,5,0,0.0
13114,69890,Female,Loyal Customer,41,Business travel,Business,1514,3,3,3,3,2,4,5,5,5,5,5,4,5,5,0,0.0
16225,33007,Male,Loyal Customer,46,Personal Travel,Eco,101,2,5,0,5,3,0,3,3,3,5,5,3,5,3,0,0.0
196,75522,Female,disloyal Customer,20,Business travel,Eco,337,4,0,4,3,4,4,4,4,3,5,4,4,5,4,0,0.0
9668,32659,Male,Loyal Customer,38,Business travel,Business,101,3,5,5,5,2,3,3,2,2,2,3,3,2,1,6,12.0
14183,51546,Male,Loyal Customer,26,Business travel,Business,370,1,1,1,1,4,4,4,4,5,2,4,4,1,4,0,0.0
21522,2126,Male,Loyal Customer,50,Business travel,Business,431,3,3,3,3,5,5,4,3,3,4,3,4,3,4,0,0.0
24310,58097,Female,Loyal Customer,18,Business travel,Business,589,2,1,1,1,2,3,2,2,3,4,4,4,3,2,78,101.0
19532,41629,Female,Loyal Customer,22,Business travel,Business,3225,3,2,2,2,3,3,3,3,4,4,3,3,3,3,0,0.0
8882,9088,Female,Loyal Customer,30,Personal Travel,Eco,160,3,3,3,4,5,3,1,5,2,5,4,1,4,5,34,22.0
16515,97950,Female,disloyal Customer,22,Business travel,Eco,616,5,0,5,2,4,5,4,4,5,2,4,4,5,4,0,5.0
13415,95088,Female,Loyal Customer,20,Personal Travel,Eco,239,4,4,4,3,3,4,3,3,1,1,3,2,4,3,0,0.0
4520,101331,Female,disloyal Customer,31,Business travel,Business,1771,3,3,3,3,3,3,3,3,4,4,5,4,4,3,15,0.0
5589,72751,Male,Loyal Customer,47,Business travel,Business,1850,3,3,3,3,4,4,5,2,2,2,2,3,2,4,0,1.0
2752,66799,Male,Loyal Customer,43,Business travel,Business,1803,1,1,1,1,3,5,4,1,1,2,1,5,1,5,5,0.0
14513,109730,Male,Loyal Customer,74,Business travel,Business,468,1,3,3,3,4,3,3,1,1,1,1,4,1,3,45,33.0
733,107035,Female,Loyal Customer,40,Business travel,Business,480,5,5,5,5,4,4,5,4,4,4,4,5,4,5,0,0.0
4375,4876,Male,Loyal Customer,52,Personal Travel,Eco,408,4,5,2,1,3,2,3,3,3,1,2,4,5,3,0,0.0
10430,92489,Male,Loyal Customer,28,Business travel,Business,2139,2,1,3,1,2,2,2,2,1,3,3,4,4,2,11,28.0
22425,69547,Female,Loyal Customer,33,Business travel,Business,2475,4,4,4,4,2,2,2,4,2,4,5,2,3,2,0,0.0
6400,48638,Male,Loyal Customer,60,Business travel,Business,3128,5,5,5,5,4,5,5,5,5,5,5,4,5,4,19,30.0
24583,61619,Male,Loyal Customer,40,Business travel,Business,1346,5,1,5,5,5,4,4,4,4,4,4,4,4,5,0,13.0
18985,96970,Female,Loyal Customer,46,Business travel,Business,883,5,2,2,2,1,3,4,5,5,4,5,3,5,2,0,0.0
14878,24872,Female,Loyal Customer,42,Business travel,Business,356,3,3,3,3,3,4,3,3,3,4,3,3,3,3,2,10.0
21848,50779,Female,Loyal Customer,21,Personal Travel,Eco,109,1,2,1,2,5,1,4,5,1,1,3,1,3,5,35,55.0
22409,116697,Female,Loyal Customer,22,Business travel,Eco Plus,337,2,1,1,1,2,2,1,2,2,5,4,2,3,2,0,0.0
23282,77858,Male,Loyal Customer,34,Personal Travel,Eco Plus,689,2,5,2,1,5,2,5,5,2,5,2,4,2,5,6,0.0
16189,111098,Female,disloyal Customer,39,Business travel,Business,240,5,5,5,3,2,5,2,2,3,4,5,3,4,2,16,9.0
4788,107435,Female,Loyal Customer,69,Personal Travel,Eco,717,2,4,2,5,3,4,5,4,4,2,4,4,4,3,0,0.0
18326,67052,Female,Loyal Customer,30,Business travel,Business,3468,3,5,5,5,3,2,3,3,1,1,3,3,4,3,4,9.0
11940,124437,Female,disloyal Customer,23,Business travel,Eco,1262,3,3,3,3,2,3,2,2,5,2,4,4,5,2,0,0.0
3931,6797,Male,Loyal Customer,36,Business travel,Business,223,1,3,1,1,2,4,5,5,5,5,5,5,5,5,0,0.0
25401,9487,Female,disloyal Customer,25,Business travel,Business,239,5,0,5,5,5,5,5,5,4,5,5,4,5,5,18,15.0
2907,109474,Female,Loyal Customer,27,Business travel,Eco,861,3,3,3,3,3,3,3,2,1,3,4,3,1,3,190,204.0
19074,73042,Male,Loyal Customer,24,Personal Travel,Eco,944,3,2,3,2,3,3,5,3,4,1,2,1,2,3,7,0.0
20679,119568,Male,Loyal Customer,15,Business travel,Business,857,1,1,1,1,5,5,5,5,5,4,5,5,4,5,0,9.0
21187,23302,Male,Loyal Customer,52,Business travel,Business,2053,4,4,4,4,2,1,5,4,4,4,4,4,4,2,28,20.0
6440,3019,Female,Loyal Customer,56,Business travel,Business,3639,3,4,4,4,4,3,4,3,3,3,3,4,3,2,0,0.0
5584,32849,Male,Loyal Customer,59,Personal Travel,Eco,216,3,1,3,2,1,3,1,1,2,2,1,4,2,1,0,0.0
15437,5239,Female,Loyal Customer,39,Business travel,Business,295,3,3,3,3,5,4,4,5,5,5,5,3,5,4,0,10.0
14840,79343,Male,disloyal Customer,27,Business travel,Eco,1020,2,2,2,2,3,2,3,3,4,3,4,4,5,3,0,0.0
24189,46298,Female,Loyal Customer,47,Business travel,Eco,237,5,3,3,3,4,4,2,5,5,5,5,5,5,2,3,1.0
23238,129847,Female,Loyal Customer,16,Personal Travel,Eco,337,0,4,0,5,3,0,3,3,5,2,4,4,5,3,0,0.0
11628,104104,Male,Loyal Customer,42,Business travel,Business,1731,1,1,1,1,3,4,1,4,4,4,4,5,4,3,0,1.0
3792,79502,Female,Loyal Customer,48,Business travel,Business,712,2,2,2,2,4,4,5,4,4,4,4,5,4,5,1,10.0
12622,95656,Male,Loyal Customer,44,Business travel,Business,1514,3,4,4,4,3,3,4,3,3,3,3,3,3,4,24,6.0
4186,60189,Male,Loyal Customer,40,Business travel,Business,1577,1,1,5,1,3,5,5,5,5,5,5,3,5,4,0,0.0
15004,8066,Female,disloyal Customer,25,Business travel,Business,125,3,4,3,3,2,3,2,2,3,3,5,4,5,2,0,0.0
10034,120713,Male,Loyal Customer,41,Business travel,Eco Plus,280,2,1,4,1,3,2,3,3,4,5,4,4,4,3,17,6.0
2140,126687,Female,Loyal Customer,56,Business travel,Business,2402,4,4,4,4,4,3,4,5,5,5,5,3,5,3,26,0.0
8943,112114,Female,Loyal Customer,55,Personal Travel,Eco,1024,3,4,3,2,2,4,4,2,2,3,2,4,2,5,13,4.0
17756,116069,Female,Loyal Customer,14,Personal Travel,Eco,308,4,5,4,3,4,4,5,4,4,5,4,3,4,4,55,52.0
6228,122308,Male,Loyal Customer,70,Personal Travel,Eco,541,3,5,3,3,2,3,1,2,2,2,5,2,5,2,0,0.0
9547,19487,Female,Loyal Customer,28,Personal Travel,Eco,84,4,4,0,1,2,0,2,2,3,2,4,5,4,2,22,10.0
20892,88565,Female,Loyal Customer,44,Personal Travel,Eco,545,1,2,1,3,5,4,4,4,4,1,5,4,4,4,0,0.0
10418,30849,Male,Loyal Customer,25,Business travel,Business,973,1,1,1,1,3,4,3,3,5,4,2,3,2,3,12,0.0
7356,83506,Female,Loyal Customer,58,Personal Travel,Eco,946,1,2,1,3,1,3,3,1,1,1,1,1,1,2,0,14.0
10249,36985,Female,disloyal Customer,20,Business travel,Eco,899,2,2,2,3,5,2,2,5,2,2,4,2,3,5,107,99.0
15363,108642,Female,Loyal Customer,37,Personal Travel,Eco,528,3,5,5,2,5,5,5,5,4,1,1,4,3,5,8,0.0
19654,20075,Female,Loyal Customer,18,Personal Travel,Eco,738,1,4,1,3,3,1,3,3,5,2,5,3,4,3,0,0.0
6072,557,Female,Loyal Customer,31,Business travel,Business,3594,3,3,3,3,4,4,5,4,5,3,5,3,4,4,15,23.0
23121,62042,Female,disloyal Customer,33,Business travel,Business,2475,1,1,1,4,5,1,5,5,3,5,5,5,5,5,1,0.0
12022,119243,Female,disloyal Customer,39,Business travel,Business,290,3,3,3,3,2,3,2,2,5,3,5,4,4,2,0,0.0
2937,30722,Male,Loyal Customer,30,Personal Travel,Eco,1123,1,5,1,1,3,1,3,3,3,2,3,5,5,3,0,0.0
21755,96172,Male,Loyal Customer,44,Business travel,Business,460,1,1,1,1,4,5,4,5,5,5,5,5,5,4,2,0.0
3402,66816,Female,disloyal Customer,35,Business travel,Business,731,3,3,3,4,4,3,4,4,5,3,5,5,5,4,0,39.0
9761,103037,Female,Loyal Customer,34,Business travel,Business,3402,1,1,3,1,4,2,3,1,1,1,1,3,1,4,66,67.0
7290,85827,Male,Loyal Customer,19,Personal Travel,Eco,666,4,4,4,4,3,4,2,3,1,4,5,4,1,3,16,32.0
11623,125120,Female,Loyal Customer,66,Personal Travel,Eco,361,3,4,3,1,5,4,4,2,2,3,5,5,2,3,1,32.0
6095,5829,Female,Loyal Customer,50,Personal Travel,Eco,177,3,1,3,4,3,4,4,1,1,3,1,1,1,4,18,33.0
8779,1814,Female,Loyal Customer,71,Business travel,Eco,500,3,4,4,4,4,4,4,3,3,3,3,2,3,3,0,0.0
9165,90114,Male,Loyal Customer,24,Business travel,Business,3990,1,1,4,1,3,4,3,3,3,2,5,5,5,3,0,0.0
3949,34777,Female,Loyal Customer,43,Personal Travel,Eco,209,3,3,3,3,3,3,4,5,5,3,5,3,5,2,40,42.0
23298,26643,Male,Loyal Customer,34,Business travel,Business,406,1,1,1,1,2,2,2,4,4,4,4,2,4,5,0,0.0
14865,16089,Female,Loyal Customer,49,Business travel,Business,3964,3,5,3,3,1,4,4,3,3,2,3,1,3,4,89,82.0
6662,83454,Female,Loyal Customer,46,Business travel,Business,2389,4,4,2,4,5,5,4,3,3,3,3,4,3,5,93,94.0
12052,53663,Male,Loyal Customer,51,Personal Travel,Business,1208,3,3,3,3,3,3,1,3,3,3,2,3,3,3,0,0.0
19484,89701,Male,disloyal Customer,17,Business travel,Business,1080,5,0,5,4,4,5,4,4,1,3,5,3,2,4,0,0.0
5472,66367,Male,Loyal Customer,41,Personal Travel,Eco,986,4,5,4,4,4,4,4,4,5,2,4,3,5,4,9,1.0
10650,106975,Female,Loyal Customer,76,Business travel,Business,1934,3,4,3,3,3,1,2,3,3,3,3,5,3,5,10,7.0
3382,3401,Female,Loyal Customer,21,Business travel,Business,3365,2,2,2,2,4,4,4,4,4,5,2,3,1,4,0,0.0
8005,80975,Male,Loyal Customer,40,Business travel,Business,3472,1,1,1,1,5,5,5,4,4,4,4,3,4,5,0,0.0
20247,61993,Female,Loyal Customer,49,Business travel,Business,2475,1,1,2,1,5,5,5,4,4,4,4,3,4,4,0,7.0
23732,12242,Female,Loyal Customer,43,Business travel,Business,1832,2,2,2,2,4,4,2,4,4,4,5,5,4,3,0,0.0
11902,16501,Female,Loyal Customer,57,Business travel,Eco,143,3,1,1,1,5,3,3,3,3,3,3,2,3,1,0,0.0
13191,63406,Female,Loyal Customer,50,Personal Travel,Eco,337,3,1,3,3,3,2,4,2,1,4,3,4,2,4,170,174.0
20044,13439,Female,Loyal Customer,34,Business travel,Business,409,2,4,4,4,4,4,4,2,2,2,2,2,2,4,0,0.0
16973,35244,Male,Loyal Customer,47,Business travel,Business,1076,1,1,1,1,4,1,3,2,2,2,2,5,2,3,0,0.0
10138,34468,Female,Loyal Customer,49,Business travel,Business,1982,5,5,5,5,1,3,1,5,5,5,5,3,5,4,17,5.0
12825,10684,Male,Loyal Customer,47,Business travel,Eco,216,2,2,2,2,2,2,2,2,4,4,2,4,3,2,21,29.0
8178,30402,Female,Loyal Customer,60,Personal Travel,Eco,775,1,5,1,3,2,5,5,2,2,1,2,3,2,3,6,9.0
2870,31974,Female,Loyal Customer,57,Business travel,Business,2358,3,4,4,4,4,3,2,2,2,2,3,1,2,4,2,4.0
9059,56948,Female,Loyal Customer,27,Business travel,Business,2454,4,2,2,2,4,4,4,3,2,3,2,4,3,4,0,0.0
6164,97022,Male,Loyal Customer,48,Business travel,Business,1645,2,2,2,2,4,5,5,5,5,5,5,3,5,3,0,0.0
25531,7178,Female,Loyal Customer,31,Business travel,Business,3650,2,4,4,4,2,2,2,2,4,4,3,3,4,2,69,103.0
8364,76879,Male,Loyal Customer,48,Business travel,Business,630,1,1,5,1,2,4,4,5,5,5,5,5,5,3,1,0.0
7721,90108,Male,Loyal Customer,45,Business travel,Business,1127,5,5,5,5,4,4,4,5,5,5,5,5,5,5,0,0.0
5871,44577,Female,Loyal Customer,70,Business travel,Business,2625,0,4,0,2,5,4,5,4,4,5,5,2,4,4,0,6.0
17767,26354,Male,Loyal Customer,53,Business travel,Business,3435,1,1,1,1,2,4,5,4,4,5,4,5,4,3,13,2.0
24908,18734,Female,Loyal Customer,34,Business travel,Business,1980,5,5,5,5,4,3,5,5,5,5,5,1,5,2,0,0.0
9725,43616,Male,Loyal Customer,60,Business travel,Eco,190,4,2,2,2,4,4,4,4,5,2,3,3,1,4,0,0.0
2622,94972,Male,Loyal Customer,46,Business travel,Business,2138,0,0,0,3,2,5,1,4,4,4,1,1,4,2,0,0.0
9410,113157,Male,Loyal Customer,67,Business travel,Business,677,4,1,4,4,3,5,4,5,5,5,5,5,5,4,7,0.0
25053,71474,Male,disloyal Customer,37,Business travel,Eco,437,3,2,3,4,5,3,5,5,4,4,3,3,3,5,0,0.0
2595,30127,Female,Loyal Customer,48,Personal Travel,Eco,183,4,2,4,4,4,4,3,4,4,4,3,1,4,3,0,0.0
3799,101021,Female,Loyal Customer,51,Personal Travel,Eco,867,3,4,2,3,3,4,5,2,2,2,2,5,2,4,1,7.0
1427,21222,Female,Loyal Customer,49,Personal Travel,Eco,192,2,5,2,3,4,4,4,2,2,2,3,5,2,3,0,0.0
10226,47240,Female,Loyal Customer,62,Personal Travel,Eco Plus,748,1,4,1,1,3,5,5,3,3,1,3,2,3,3,0,0.0
13786,3973,Female,Loyal Customer,53,Personal Travel,Eco Plus,764,4,4,4,3,2,4,5,3,3,4,3,5,3,5,11,26.0
4547,110977,Male,disloyal Customer,55,Business travel,Business,197,3,2,2,1,1,3,1,1,4,5,5,3,4,1,0,0.0
866,88925,Female,Loyal Customer,43,Business travel,Business,2935,2,2,2,2,5,5,5,4,4,4,4,5,4,3,18,2.0
382,17928,Male,Loyal Customer,31,Business travel,Eco Plus,789,2,4,4,4,2,1,2,2,1,4,4,3,4,2,0,0.0
3014,54834,Male,Loyal Customer,37,Business travel,Business,2844,5,5,5,5,4,5,5,4,4,4,4,4,4,5,0,0.0
15287,85717,Male,Loyal Customer,48,Business travel,Business,1895,5,5,5,5,3,4,4,5,5,5,5,5,5,3,0,0.0
17601,15342,Male,Loyal Customer,42,Business travel,Business,2944,2,2,2,2,5,5,4,5,5,5,4,5,5,5,0,0.0
11959,14084,Male,disloyal Customer,42,Business travel,Eco,425,2,1,2,3,1,2,1,1,1,2,3,3,4,1,0,0.0
23841,62171,Male,Loyal Customer,33,Business travel,Business,2454,5,5,5,5,4,4,4,4,4,3,5,5,5,4,12,0.0
16350,2294,Female,Loyal Customer,29,Business travel,Business,3669,5,5,5,5,5,5,5,5,5,3,5,3,5,5,4,5.0
20092,63837,Female,Loyal Customer,28,Business travel,Business,2647,5,5,5,5,4,4,4,4,4,5,4,4,4,4,0,2.0
2561,20134,Male,Loyal Customer,25,Personal Travel,Eco,416,3,3,3,4,3,3,3,3,1,1,3,1,3,3,34,16.0
8726,63264,Male,Loyal Customer,32,Business travel,Business,337,2,2,2,2,5,5,5,5,5,2,4,4,5,5,0,0.0
20031,127263,Male,Loyal Customer,58,Business travel,Business,1633,3,3,3,3,5,3,3,3,3,3,3,3,3,1,0,5.0
7277,26235,Male,Loyal Customer,55,Personal Travel,Eco,404,3,4,3,3,2,3,2,2,3,2,4,5,4,2,0,13.0
12160,59098,Male,Loyal Customer,66,Personal Travel,Eco,1846,3,2,4,3,4,4,4,4,1,1,3,1,3,4,7,7.0
14713,90327,Male,Loyal Customer,52,Business travel,Business,1820,2,2,2,2,5,5,4,4,4,4,4,5,4,5,0,0.0
16510,28482,Female,Loyal Customer,44,Business travel,Eco,1739,5,3,3,3,4,4,2,5,5,5,5,5,5,5,14,0.0
21016,54209,Female,Loyal Customer,13,Business travel,Eco Plus,1504,4,2,2,2,4,4,5,4,3,1,5,3,2,4,8,1.0
9561,102055,Female,Loyal Customer,51,Personal Travel,Business,397,5,2,5,4,4,3,3,2,2,5,2,2,2,2,87,83.0
23763,106082,Female,Loyal Customer,39,Business travel,Business,1657,5,5,5,5,3,4,5,4,4,4,4,3,4,5,19,13.0
15135,120911,Female,disloyal Customer,42,Business travel,Business,861,3,3,3,1,5,3,5,5,4,2,4,4,4,5,32,23.0
3710,46136,Male,disloyal Customer,23,Business travel,Eco,604,2,2,2,4,4,2,4,4,4,5,4,3,3,4,0,12.0
345,35387,Female,Loyal Customer,53,Business travel,Business,635,2,2,2,2,5,5,5,1,1,2,3,5,3,5,150,156.0
21177,35445,Male,Loyal Customer,33,Personal Travel,Eco,1010,2,5,2,5,2,2,2,2,1,1,2,3,2,2,0,0.0
24851,33771,Male,disloyal Customer,44,Business travel,Eco,490,4,4,4,3,5,4,5,5,2,5,4,4,1,5,0,0.0
16469,124959,Male,Loyal Customer,36,Business travel,Business,184,2,1,1,1,5,4,3,4,4,4,2,2,4,4,0,0.0
24569,50647,Female,Loyal Customer,45,Personal Travel,Eco,110,2,4,2,4,1,3,3,3,3,2,5,1,3,3,0,20.0
341,65517,Male,Loyal Customer,41,Business travel,Business,1616,4,4,4,4,5,5,5,4,4,5,4,3,4,5,2,6.0
15068,74147,Female,Loyal Customer,44,Business travel,Business,769,3,3,3,3,5,3,3,3,3,3,3,1,3,4,0,0.0
9995,53434,Female,Loyal Customer,20,Business travel,Business,2288,4,4,4,4,5,4,5,5,3,5,5,2,2,5,0,0.0
17952,70960,Female,disloyal Customer,42,Business travel,Business,802,2,2,2,1,5,2,5,5,4,4,4,3,5,5,0,12.0
12617,94878,Male,Loyal Customer,39,Business travel,Eco,248,3,4,5,4,3,3,3,3,3,4,4,1,4,3,2,8.0
14144,12243,Male,Loyal Customer,55,Business travel,Eco,190,5,5,5,5,5,5,5,5,4,3,2,2,5,5,0,0.0
16976,101307,Male,Loyal Customer,56,Business travel,Eco Plus,763,2,1,1,1,3,2,3,3,2,2,3,1,2,3,20,17.0
24540,37344,Male,disloyal Customer,35,Business travel,Business,1144,3,3,3,3,1,3,1,1,2,5,4,3,2,1,0,12.0
3035,13795,Female,disloyal Customer,62,Business travel,Eco,450,2,3,2,2,3,2,3,3,4,3,1,3,5,3,0,0.0
12346,108720,Female,disloyal Customer,24,Business travel,Eco,591,5,4,5,5,5,4,5,5,3,2,5,4,4,5,0,0.0
10483,41921,Female,disloyal Customer,36,Business travel,Eco,129,3,3,3,3,3,3,3,3,2,2,2,3,4,3,0,3.0
10952,126553,Male,Loyal Customer,52,Personal Travel,Eco,644,2,5,3,3,4,3,4,4,2,4,2,1,3,4,0,0.0
23215,96998,Male,Loyal Customer,11,Personal Travel,Eco,794,2,4,2,4,2,2,2,2,5,2,5,5,5,2,0,0.0
17189,95008,Male,Loyal Customer,37,Personal Travel,Eco,528,2,2,2,3,3,2,3,3,1,1,4,1,3,3,27,20.0
15364,96799,Female,disloyal Customer,26,Business travel,Business,488,2,0,2,3,3,2,3,3,5,3,4,5,5,3,0,0.0
9586,39722,Female,Loyal Customer,34,Business travel,Business,320,5,5,5,5,5,1,4,5,5,5,5,4,5,2,0,2.0
20703,95558,Male,Loyal Customer,21,Personal Travel,Eco Plus,277,1,2,1,3,1,1,1,1,1,2,2,1,3,1,0,0.0
19375,62461,Female,Loyal Customer,28,Personal Travel,Business,1846,3,3,3,4,1,3,1,1,1,2,3,3,4,1,2,0.0
9742,70872,Male,Loyal Customer,16,Personal Travel,Eco,761,1,4,1,3,2,1,2,2,4,2,4,4,4,2,3,0.0
13463,126681,Male,disloyal Customer,39,Business travel,Business,2521,3,3,3,4,2,3,2,2,3,3,4,4,4,2,3,0.0
21146,94463,Female,Loyal Customer,41,Business travel,Business,2021,0,5,0,1,5,4,4,4,4,3,3,5,4,3,0,0.0
24334,128916,Male,disloyal Customer,27,Business travel,Business,414,2,2,2,1,1,2,1,1,3,5,5,4,5,1,0,0.0
3181,49086,Male,Loyal Customer,46,Business travel,Business,266,3,2,3,3,3,1,3,5,5,5,5,4,5,5,0,10.0
2435,553,Female,Loyal Customer,57,Business travel,Business,134,5,5,5,5,5,5,5,4,4,4,4,3,4,4,0,0.0
2221,43640,Male,Loyal Customer,23,Business travel,Business,3130,5,5,5,5,1,2,1,1,4,5,3,2,4,1,35,53.0
15907,85128,Female,disloyal Customer,44,Business travel,Business,731,5,5,5,5,1,5,1,1,3,5,5,3,5,1,0,5.0
5449,13302,Female,Loyal Customer,49,Personal Travel,Eco Plus,657,1,5,1,3,2,4,4,2,2,1,2,3,2,2,0,0.0
7085,23357,Female,Loyal Customer,53,Personal Travel,Eco Plus,563,4,1,4,3,1,4,4,4,4,4,4,2,4,3,0,0.0
11635,102056,Male,Loyal Customer,38,Personal Travel,Business,226,3,4,3,2,3,5,5,3,3,3,3,4,3,4,0,0.0
1747,61502,Male,disloyal Customer,22,Business travel,Eco,753,5,5,5,1,5,5,5,5,2,2,2,1,5,5,0,0.0
18795,63135,Female,Loyal Customer,71,Business travel,Business,3614,2,3,3,3,4,4,4,2,2,2,2,3,2,3,0,0.0
230,129240,Male,Loyal Customer,53,Business travel,Business,1464,3,2,2,2,5,4,4,3,3,3,3,3,3,3,0,0.0
9252,20014,Female,Loyal Customer,34,Personal Travel,Eco,599,3,4,3,4,4,3,4,4,4,2,4,1,3,4,0,0.0
14034,61081,Female,Loyal Customer,16,Business travel,Eco,1506,3,3,3,3,3,3,2,3,2,1,3,4,3,3,2,6.0
22217,102969,Female,Loyal Customer,42,Business travel,Business,2744,2,1,1,1,3,4,4,2,2,2,2,3,2,3,35,31.0
4749,62706,Female,disloyal Customer,27,Business travel,Eco,2399,3,3,3,4,3,3,3,2,2,4,3,3,4,3,50,71.0
18123,28189,Male,Loyal Customer,64,Personal Travel,Eco,933,1,4,0,4,4,0,4,4,1,5,4,4,4,4,0,0.0
24209,47864,Female,disloyal Customer,27,Business travel,Eco,329,3,1,3,4,1,3,1,1,2,5,3,4,4,1,0,10.0
6134,124265,Female,Loyal Customer,54,Business travel,Business,3871,3,4,4,4,3,3,3,3,3,3,3,2,3,3,0,0.0
14107,96717,Male,disloyal Customer,27,Business travel,Eco,696,3,3,3,4,2,3,2,2,1,3,4,2,4,2,0,0.0
8025,1285,Male,Loyal Customer,25,Personal Travel,Eco,134,1,4,1,3,1,1,2,1,4,1,4,1,4,1,0,2.0
5187,64863,Male,disloyal Customer,26,Business travel,Business,469,0,0,0,3,1,0,1,1,3,2,4,5,5,1,0,0.0
17802,95799,Female,Loyal Customer,57,Business travel,Business,2417,4,4,3,4,4,5,5,5,5,4,5,4,5,3,12,18.0
24084,92754,Male,Loyal Customer,61,Personal Travel,Eco,1276,2,4,2,3,4,2,3,4,5,4,4,5,5,4,0,0.0
3609,70147,Male,Loyal Customer,56,Personal Travel,Eco,550,3,5,3,2,5,3,5,5,2,1,4,1,1,5,0,0.0
4097,45124,Male,Loyal Customer,46,Personal Travel,Eco,157,2,4,2,1,3,2,3,3,3,3,5,5,4,3,0,0.0
21473,57047,Female,Loyal Customer,41,Business travel,Business,2133,4,4,4,4,2,4,5,4,4,4,4,4,4,4,6,0.0
17906,9329,Male,Loyal Customer,52,Personal Travel,Eco,542,2,5,2,1,4,2,4,4,4,3,4,4,5,4,36,27.0
674,60959,Male,Loyal Customer,41,Business travel,Business,1981,1,3,3,3,5,4,4,1,1,1,1,4,1,1,10,6.0
23648,98872,Male,Loyal Customer,22,Business travel,Business,2074,4,4,4,4,5,5,5,5,3,3,4,5,4,5,3,0.0
6549,112136,Female,disloyal Customer,35,Business travel,Business,895,2,2,2,1,4,2,5,4,5,4,5,4,4,4,0,0.0
10947,91432,Female,Loyal Customer,31,Personal Travel,Eco,549,3,0,3,1,3,3,4,3,4,3,4,3,4,3,0,0.0
25423,44299,Male,Loyal Customer,30,Business travel,Eco,867,3,5,5,5,2,3,3,4,2,3,3,3,3,3,187,202.0
18371,33894,Female,disloyal Customer,25,Business travel,Eco,1504,1,1,1,5,5,1,5,5,2,5,5,5,5,5,0,0.0
12559,88978,Male,Loyal Customer,67,Personal Travel,Eco,1184,1,1,1,3,1,1,1,1,2,1,3,3,2,1,0,0.0
22305,107614,Male,disloyal Customer,25,Business travel,Business,423,4,0,4,1,5,4,1,5,4,5,4,3,4,5,5,0.0
21334,25599,Female,Loyal Customer,7,Personal Travel,Eco,696,1,4,1,3,1,1,2,1,3,4,4,4,4,1,3,0.0
24550,42122,Female,Loyal Customer,11,Personal Travel,Eco,991,3,5,3,3,4,3,1,4,5,3,4,5,5,4,0,15.0
18910,107992,Male,Loyal Customer,32,Business travel,Business,2153,4,1,1,1,4,4,4,4,4,4,3,3,4,4,25,17.0
24866,79066,Female,disloyal Customer,50,Business travel,Eco,356,2,0,2,3,1,2,1,1,4,4,1,5,3,1,0,0.0
5982,75598,Female,Loyal Customer,30,Personal Travel,Eco,337,3,4,3,3,5,3,5,5,3,3,5,4,4,5,34,15.0
21832,30446,Male,Loyal Customer,24,Business travel,Business,991,1,1,1,1,5,5,5,5,5,1,5,5,2,5,64,55.0
11909,2794,Male,Loyal Customer,44,Business travel,Eco,364,3,3,4,4,3,3,3,3,5,3,3,5,1,3,0,14.0
13019,72316,Male,Loyal Customer,68,Personal Travel,Eco Plus,919,4,4,4,5,2,4,2,2,5,4,3,3,2,2,26,18.0
9008,4253,Male,Loyal Customer,41,Business travel,Eco Plus,1020,2,4,4,4,2,2,2,2,1,3,3,2,3,2,0,14.0
11756,120907,Female,Loyal Customer,30,Business travel,Business,992,3,3,3,3,1,2,1,1,3,5,4,3,5,1,3,9.0
2362,53339,Male,Loyal Customer,29,Business travel,Eco,1452,5,3,3,3,5,5,5,5,4,3,4,3,5,5,2,5.0
21355,14548,Female,Loyal Customer,56,Personal Travel,Eco,362,1,5,1,3,2,5,4,1,1,1,1,4,1,5,0,0.0
22754,83090,Male,disloyal Customer,34,Business travel,Eco,983,2,2,2,4,3,2,3,3,3,1,4,3,3,3,0,0.0
21683,122969,Female,Loyal Customer,53,Business travel,Business,468,4,4,4,4,5,5,5,5,5,5,5,4,5,4,0,0.0
6399,129801,Female,Loyal Customer,62,Personal Travel,Eco,447,2,4,2,3,5,5,5,4,4,2,4,1,4,3,0,0.0
25523,51532,Female,Loyal Customer,51,Business travel,Business,2562,5,5,5,5,2,1,1,4,4,4,4,5,4,5,0,0.0
23699,9934,Male,Loyal Customer,23,Business travel,Business,2278,3,4,4,4,3,3,3,3,3,5,1,2,2,3,86,70.0
16498,18295,Female,Loyal Customer,34,Personal Travel,Eco,640,1,5,1,4,1,1,1,1,3,5,4,4,4,1,3,20.0
25700,30151,Female,Loyal Customer,49,Personal Travel,Eco,160,3,4,3,5,5,5,5,4,4,3,4,5,4,4,0,0.0
2929,76683,Female,Loyal Customer,26,Personal Travel,Eco,481,1,4,1,4,1,1,1,1,1,1,4,4,5,1,0,8.0
9560,82913,Male,Loyal Customer,48,Personal Travel,Eco,645,2,4,2,2,3,2,3,3,5,5,4,5,5,3,98,94.0
21239,43696,Female,Loyal Customer,41,Business travel,Business,1511,3,3,3,3,5,2,1,4,4,4,4,2,4,5,1,0.0
8396,123785,Female,Loyal Customer,29,Business travel,Business,541,3,3,3,3,3,3,3,3,5,4,5,4,5,3,4,0.0
24038,67920,Male,Loyal Customer,30,Personal Travel,Eco,1205,2,1,2,3,5,2,5,5,2,2,3,2,3,5,20,16.0
21322,101141,Female,Loyal Customer,50,Business travel,Business,1090,3,3,3,3,2,5,5,4,4,4,4,5,4,3,109,97.0
2842,109608,Female,Loyal Customer,46,Business travel,Business,973,4,5,3,5,2,3,4,4,4,3,4,1,4,2,23,27.0
4689,82003,Male,Loyal Customer,53,Business travel,Business,1589,4,4,4,4,1,1,2,4,4,4,4,2,4,1,10,0.0
6501,2067,Male,Loyal Customer,56,Business travel,Business,1593,4,5,4,4,4,4,5,3,3,4,3,3,3,3,17,3.0
19088,54822,Male,Loyal Customer,29,Business travel,Business,3690,5,5,5,5,5,5,5,5,1,2,4,3,2,5,23,25.0
2874,103779,Female,Loyal Customer,42,Business travel,Business,1567,3,3,3,3,5,5,5,3,3,4,4,5,4,5,211,200.0
13587,53913,Male,Loyal Customer,54,Personal Travel,Eco,191,1,4,1,4,3,1,3,3,4,2,4,5,5,3,0,0.0
6455,125369,Female,Loyal Customer,54,Personal Travel,Eco,599,2,2,2,2,4,3,2,4,4,2,2,3,4,2,0,0.0
12457,112669,Female,Loyal Customer,42,Business travel,Business,1617,3,3,3,3,3,4,4,4,4,4,4,4,4,4,63,60.0
13326,12404,Female,disloyal Customer,50,Business travel,Eco,201,1,2,1,3,5,1,5,5,3,3,3,4,3,5,20,17.0
25083,47111,Female,disloyal Customer,49,Business travel,Eco,784,3,3,3,3,3,3,3,3,2,4,4,2,4,3,0,36.0
23921,94037,Female,Loyal Customer,47,Business travel,Business,239,2,2,5,2,3,5,5,5,5,4,5,3,5,4,3,0.0
20290,50713,Male,Loyal Customer,11,Personal Travel,Eco,109,1,4,1,1,2,1,1,2,3,5,4,3,4,2,0,0.0
16688,57580,Female,Loyal Customer,43,Business travel,Business,1597,5,5,5,5,4,3,5,5,5,5,5,5,5,3,0,1.0
16975,119510,Female,disloyal Customer,32,Business travel,Eco,759,2,2,2,3,3,2,5,3,2,2,3,3,4,3,48,61.0
5226,50500,Male,Loyal Customer,46,Personal Travel,Eco,373,3,4,3,3,4,3,4,4,5,4,1,3,1,4,0,0.0
19950,80742,Female,Loyal Customer,37,Personal Travel,Eco,448,4,4,5,1,5,5,2,5,3,2,4,5,4,5,0,7.0
24443,16806,Female,disloyal Customer,49,Business travel,Eco,645,3,0,3,1,3,3,4,3,1,1,3,1,3,3,2,8.0
13825,109690,Female,Loyal Customer,42,Personal Travel,Eco,802,3,5,3,3,2,5,4,4,4,3,4,2,4,2,12,4.0
6934,2342,Male,disloyal Customer,28,Business travel,Eco Plus,925,4,4,4,3,3,4,3,3,3,4,4,3,4,3,0,24.0
1981,11170,Female,Loyal Customer,25,Personal Travel,Eco,201,1,3,1,4,4,1,4,4,2,3,1,4,1,4,67,56.0
20873,128872,Male,disloyal Customer,23,Business travel,Business,968,5,0,5,4,5,4,4,3,3,5,4,4,3,4,0,0.0
13557,16545,Male,Loyal Customer,32,Personal Travel,Eco,1134,2,5,3,1,3,3,3,3,5,5,4,4,4,3,47,57.0
8295,127308,Female,Loyal Customer,50,Business travel,Business,1979,1,1,1,1,2,3,4,5,5,5,5,5,5,4,0,0.0
5456,11609,Male,Loyal Customer,57,Personal Travel,Eco,657,3,4,3,4,2,3,2,2,3,4,2,5,3,2,24,25.0
6933,15627,Female,Loyal Customer,38,Personal Travel,Eco,229,4,4,4,3,4,4,4,4,4,5,5,4,4,4,0,4.0
22875,12473,Male,Loyal Customer,28,Personal Travel,Eco,305,2,4,2,1,2,2,2,2,2,4,3,2,3,2,17,5.0
4484,35526,Male,Loyal Customer,42,Personal Travel,Eco,1056,4,5,4,3,4,4,4,4,4,1,3,4,1,4,16,27.0
9033,49549,Female,Loyal Customer,43,Business travel,Business,373,1,1,1,1,5,3,3,4,4,4,4,1,4,4,0,0.0
6808,44055,Female,Loyal Customer,21,Business travel,Eco Plus,296,0,4,0,2,5,0,5,5,2,1,1,3,3,5,0,0.0
14990,82746,Female,Loyal Customer,47,Business travel,Business,3244,1,5,5,5,2,4,4,1,1,1,1,2,1,4,23,17.0
25397,82585,Female,Loyal Customer,54,Business travel,Business,3055,2,2,2,2,4,4,5,4,4,4,4,4,4,5,0,0.0
18250,17670,Female,Loyal Customer,45,Business travel,Business,3575,0,0,0,1,5,2,2,4,4,4,2,1,4,4,12,23.0
14617,125963,Female,disloyal Customer,22,Business travel,Business,631,5,0,5,3,3,5,3,3,5,3,5,4,4,3,61,63.0
19776,40919,Female,Loyal Customer,8,Personal Travel,Eco,532,3,4,3,4,3,3,3,3,4,5,5,4,5,3,0,0.0
8821,64737,Male,Loyal Customer,45,Business travel,Business,2828,0,5,0,1,5,4,5,4,4,2,2,5,4,4,0,0.0
18109,29079,Male,Loyal Customer,23,Personal Travel,Eco,937,1,1,1,3,2,1,2,2,3,1,4,1,3,2,0,0.0
2604,128637,Female,Loyal Customer,21,Personal Travel,Eco,679,4,4,4,5,5,4,5,5,4,5,5,4,5,5,0,0.0
19819,116843,Male,Loyal Customer,52,Personal Travel,Business,646,4,3,5,3,5,2,3,3,3,5,3,4,3,2,0,0.0
4305,39195,Female,Loyal Customer,45,Business travel,Eco,318,3,3,3,3,3,3,4,3,3,3,3,4,3,3,62,55.0
3874,83912,Female,Loyal Customer,42,Business travel,Business,2543,2,5,5,5,1,3,4,2,2,1,2,2,2,3,0,0.0
7608,64778,Male,Loyal Customer,38,Business travel,Business,282,0,0,0,3,3,4,5,1,1,1,1,4,1,4,0,0.0
18531,104812,Male,Loyal Customer,68,Personal Travel,Eco,587,2,3,2,4,1,2,5,1,4,4,5,3,1,1,0,18.0
8688,19594,Male,Loyal Customer,15,Personal Travel,Eco,160,2,1,2,3,5,2,5,5,1,4,4,1,4,5,0,0.0
2209,63420,Female,Loyal Customer,49,Personal Travel,Eco,447,4,5,4,2,5,5,5,2,2,4,3,3,2,3,0,0.0
3706,18215,Female,Loyal Customer,28,Business travel,Business,137,2,1,1,1,2,2,2,2,3,5,3,2,3,2,0,10.0
14584,24267,Male,Loyal Customer,56,Personal Travel,Eco,147,3,3,3,4,2,3,2,2,1,4,3,4,3,2,58,44.0
8786,122807,Male,Loyal Customer,13,Personal Travel,Eco,599,3,3,3,4,2,3,2,2,1,5,4,3,1,2,8,0.0
13802,87878,Male,disloyal Customer,33,Business travel,Business,214,4,4,4,4,4,4,4,4,4,2,3,4,3,4,39,30.0
283,13221,Male,Loyal Customer,41,Business travel,Eco,772,4,3,3,3,4,4,4,4,2,1,4,4,3,4,0,0.0
12210,12531,Male,disloyal Customer,45,Business travel,Eco,788,2,2,2,4,2,2,1,2,4,4,5,1,1,2,0,0.0
16735,20525,Female,disloyal Customer,35,Business travel,Eco,533,3,5,3,3,1,3,1,1,5,4,4,3,4,1,0,0.0
13510,40863,Female,Loyal Customer,36,Personal Travel,Eco,588,5,5,5,5,2,5,2,2,3,2,5,5,4,2,0,0.0
24221,100273,Female,Loyal Customer,47,Business travel,Business,3901,2,2,2,2,2,5,4,5,5,5,5,5,5,3,0,0.0
21546,57299,Female,Loyal Customer,43,Business travel,Business,1972,3,3,3,3,3,4,4,2,2,2,2,3,2,5,20,6.0
11924,12161,Female,disloyal Customer,30,Business travel,Eco,986,3,2,2,1,3,2,3,3,5,5,5,4,5,3,0,0.0
24006,126812,Male,disloyal Customer,24,Business travel,Eco,2296,4,4,4,4,4,4,4,4,5,5,4,5,4,4,0,0.0
7417,48364,Female,Loyal Customer,72,Business travel,Business,522,1,0,0,4,1,4,3,3,3,0,1,3,3,3,0,0.0
2463,12092,Female,Loyal Customer,54,Business travel,Business,1034,3,2,2,2,3,4,4,3,3,3,3,2,3,2,0,16.0
4966,63457,Male,Loyal Customer,55,Business travel,Business,447,4,4,4,4,5,5,5,5,5,5,5,4,5,5,0,0.0
1668,81544,Male,Loyal Customer,65,Personal Travel,Eco,1124,2,1,2,3,3,2,3,3,2,4,3,2,3,3,0,0.0
4707,99642,Female,Loyal Customer,29,Business travel,Business,1670,4,4,4,4,4,4,4,4,5,3,4,3,4,4,0,10.0
13294,21640,Female,Loyal Customer,52,Personal Travel,Eco,780,2,2,2,1,5,1,1,1,1,2,1,2,1,4,1,0.0
20506,126704,Female,Loyal Customer,58,Business travel,Business,2370,4,4,4,4,3,5,4,4,4,4,4,5,4,5,3,0.0
21997,2638,Female,Loyal Customer,43,Business travel,Business,1557,4,4,4,4,2,5,4,4,4,4,4,5,4,4,0,0.0
1710,73607,Male,disloyal Customer,21,Business travel,Eco,204,5,0,5,1,4,5,4,4,5,4,5,4,4,4,0,0.0
19617,94431,Female,Loyal Customer,62,Business travel,Business,239,2,3,3,3,2,3,3,2,2,3,2,3,2,4,0,0.0
3316,79842,Male,disloyal Customer,36,Business travel,Business,950,3,3,3,5,5,3,5,5,3,5,5,5,4,5,0,10.0
14070,59832,Male,disloyal Customer,23,Business travel,Eco,1023,1,1,1,2,2,1,2,2,5,2,5,5,5,2,0,0.0
13129,121458,Female,Loyal Customer,63,Business travel,Business,257,1,1,1,1,2,5,3,5,5,5,5,1,5,5,0,0.0
2404,78357,Female,Loyal Customer,49,Business travel,Business,1927,2,2,1,2,4,4,5,5,5,5,5,4,5,3,0,0.0
22554,53804,Male,Loyal Customer,50,Business travel,Eco,140,4,5,5,5,4,4,4,4,4,3,2,5,1,4,16,11.0
6607,3170,Female,disloyal Customer,21,Business travel,Eco,585,5,2,5,2,4,5,4,4,5,5,4,3,4,4,9,51.0
12578,13156,Female,Loyal Customer,31,Personal Travel,Eco,562,4,5,4,2,2,4,2,2,4,2,5,5,5,2,39,28.0
10132,10240,Female,Loyal Customer,19,Personal Travel,Business,667,5,5,5,4,5,5,5,5,5,3,4,5,5,5,14,0.0
6149,88944,Female,disloyal Customer,25,Business travel,Business,1199,3,4,3,3,5,3,5,5,4,3,4,5,4,5,0,0.0
10104,31819,Female,Loyal Customer,55,Business travel,Business,2762,3,3,3,3,5,5,5,3,4,4,4,5,4,5,0,0.0
15999,125645,Male,Loyal Customer,41,Business travel,Business,1555,5,5,5,5,3,4,5,5,5,5,5,4,5,4,0,0.0
15139,35513,Female,Loyal Customer,43,Personal Travel,Eco,1076,1,5,1,3,4,5,5,2,2,1,2,4,2,4,0,0.0
6508,129267,Female,Loyal Customer,59,Business travel,Eco,2521,2,2,4,4,5,2,4,2,2,2,2,3,2,1,0,0.0
15388,81110,Male,disloyal Customer,24,Business travel,Eco,991,1,1,1,3,5,1,5,5,5,4,4,4,5,5,0,0.0
8797,41157,Male,Loyal Customer,46,Personal Travel,Eco,667,2,1,2,3,1,2,4,1,4,5,4,1,3,1,5,1.0
3108,94487,Female,disloyal Customer,26,Business travel,Business,239,4,0,4,1,3,4,3,3,3,4,4,4,5,3,2,0.0
5312,103154,Female,disloyal Customer,37,Business travel,Business,491,5,4,4,4,3,4,3,3,5,4,4,5,5,3,17,25.0
6600,112817,Female,disloyal Customer,46,Business travel,Business,1211,3,3,3,3,3,3,3,3,4,5,5,3,4,3,9,0.0
12308,63305,Male,Loyal Customer,28,Business travel,Business,2901,3,4,4,4,3,3,3,3,4,5,2,4,1,3,24,35.0
20505,41217,Male,Loyal Customer,10,Personal Travel,Eco,1174,3,4,3,3,3,3,3,3,3,5,4,1,4,3,0,0.0
20302,10562,Female,disloyal Customer,26,Business travel,Business,429,2,0,2,5,4,2,4,4,4,4,4,5,4,4,42,40.0
5500,12582,Male,Loyal Customer,60,Business travel,Business,1723,1,1,1,1,1,2,4,5,5,5,5,3,5,1,0,0.0
17463,109362,Male,Loyal Customer,50,Business travel,Business,1189,1,1,1,1,2,5,5,4,4,4,4,5,4,5,26,20.0
8406,4149,Male,Loyal Customer,39,Business travel,Business,2413,4,5,5,5,5,2,3,4,4,4,4,4,4,4,0,20.0
7071,4318,Male,disloyal Customer,20,Business travel,Business,589,0,4,0,4,4,0,4,4,4,3,4,4,4,4,0,0.0
10544,75000,Male,Loyal Customer,62,Personal Travel,Eco Plus,2454,1,5,1,3,4,1,4,4,5,4,3,4,4,4,50,92.0
6481,56453,Female,Loyal Customer,63,Personal Travel,Eco,719,1,4,1,2,4,4,5,5,5,1,4,4,5,5,0,0.0
22549,89379,Male,Loyal Customer,49,Business travel,Business,134,5,5,4,5,4,4,5,4,4,4,4,4,4,5,6,0.0
22304,120073,Female,Loyal Customer,49,Business travel,Business,683,5,5,5,5,2,4,5,4,4,4,4,3,4,5,0,0.0
6293,42854,Female,Loyal Customer,49,Personal Travel,Eco,328,1,1,3,2,2,4,5,3,3,3,3,5,3,5,9,16.0
20246,56085,Male,Loyal Customer,64,Business travel,Eco Plus,2586,3,1,1,1,3,2,2,1,1,4,4,2,4,2,6,9.0
14053,119694,Female,disloyal Customer,28,Business travel,Business,1325,4,4,4,3,4,4,4,4,5,4,4,5,5,4,42,29.0
20418,41678,Female,Loyal Customer,46,Personal Travel,Eco,347,1,4,3,3,5,5,5,3,3,3,3,5,3,5,0,11.0
12534,42368,Female,Loyal Customer,27,Personal Travel,Eco,329,3,5,5,2,4,5,4,4,2,5,5,5,5,4,27,12.0
12230,4105,Female,Loyal Customer,24,Business travel,Business,2048,2,2,5,2,4,4,4,4,5,3,5,3,4,4,0,25.0
6419,42376,Female,Loyal Customer,44,Personal Travel,Eco,550,1,2,1,4,4,3,3,4,4,1,4,3,4,2,51,
17544,46976,Male,Loyal Customer,18,Personal Travel,Eco,776,4,3,4,3,3,4,3,3,3,5,3,4,4,3,0,0.0
23854,95543,Male,Loyal Customer,31,Personal Travel,Eco Plus,192,3,5,3,3,1,3,1,1,4,2,4,4,4,1,19,4.0
14264,17401,Male,Loyal Customer,45,Business travel,Eco,351,3,2,2,2,3,3,3,1,3,1,3,3,1,3,189,182.0
4884,43980,Male,Loyal Customer,53,Business travel,Eco,411,4,5,5,5,4,4,4,4,2,1,2,1,2,4,0,0.0
2790,100598,Male,disloyal Customer,24,Business travel,Eco,718,1,1,1,3,5,1,5,5,4,5,4,4,5,5,28,22.0
19413,107474,Female,Loyal Customer,29,Business travel,Business,711,5,5,5,5,3,4,3,3,5,2,4,3,4,3,0,0.0
6003,68084,Female,Loyal Customer,27,Business travel,Business,1624,5,5,5,5,3,3,3,3,3,4,4,3,5,3,35,27.0
2905,80605,Male,Loyal Customer,58,Business travel,Business,1983,5,5,5,5,5,4,5,5,5,5,5,5,5,3,0,0.0
17797,111366,Male,Loyal Customer,56,Business travel,Business,3700,4,4,5,4,4,4,4,5,5,5,5,5,5,4,8,3.0
10272,120854,Male,Loyal Customer,31,Personal Travel,Business,1013,2,1,2,3,1,2,1,1,4,4,3,2,2,1,0,0.0
4438,86546,Male,Loyal Customer,44,Business travel,Business,1578,4,4,3,4,5,4,5,5,5,5,5,4,5,5,57,47.0
7724,80059,Female,Loyal Customer,59,Personal Travel,Eco,1089,5,2,5,4,2,4,4,2,2,2,2,4,2,3,0,0.0
15665,122311,Female,disloyal Customer,28,Business travel,Business,541,3,3,3,3,3,3,4,3,4,2,4,5,5,3,1,6.0
19327,63453,Male,Loyal Customer,47,Business travel,Business,447,1,1,1,1,4,4,5,5,5,5,5,4,5,5,40,29.0
